S.No,Symbol
1,ACLBSL
2,ADBL
3,AHL
4,AHPC
5,AKJCL
6,AKPL
7,ALBSL
8,ALICL
9,ANLB
10,API
11,AVYAN
12,BARUN
13,BBC
14,BEDC
15,BFC
16,BGWT
17,BHDC
18,BHL
19,BHPL
20,BNHC
21,BNL
22,BNT
23,BPCL
24,C30MF
25,CBBL
26,CBLD88
27,CCBD88
28,CFCL
29,CGH
30,CHCL
31,CHDC
32,CHL
33,CIT
34,CITY
35,CIZBD86
36,CIZBD90
37,CKHL
38,CLI
39,CMF1
40,CORBL
41,CYCL
42,CZBIL
43,DDBL
44,DHPL
45,DLBS
46,DOLTI
47,DORDI
48,EBL
49,EBLD86
50,EDBL
51,EHPL
52,ENL
53,FMDBL
54,FOWAD
55,GBBD85
56,GBBL
57,GBILD84/85
58,GBIME
59,GBLBS
60,GCIL
61,GFCL
62,GHL
63,GIBF1
64,GILB
65,GLBSL
66,GLH
67,GMFBS
68,GMFIL
69,GRDBL
70,GUFL
71,GVL
72,GWFD83
73,H8020
74,HATHY
75,HBL
76,HBLD86
77,HDHPC
78,HDL
79,HEI
80,HEIP
81,HHL
82,HIDCL
83,HIDCLP
84,HLBSL
85,HLI
86,HPPL
87,HRL
88,HURJA
89,ICFC
90,ICFCD83
91,IGI
92,IHL
93,ILBS
94,ILI
95,JBBD87
96,JBBL
97,JBLB
98,JFL
99,JOSHI
100,JSLBB
101,KBL
102,KBLD86
103,KBLD90
104,KBSH
105,KDBY
106,KDL
107,KEF
108,KKHC
109,KMCDB
110,KPCL
111,KRBL
112,KSBBL
113,KSY
114,LBBL
115,LEC
116,LICN
117,LLBS
118,LSL
119,LUK
120,LVF2
121,MAKAR
122,MANDU
123,MATRI
124,MBJC
125,MBL
126,MCHL
127,MDB
128,MEHL
129,MEL
130,MEN
131,MERO
132,MFIL
133,MFLD85
134,MHCL
135,MHL
136,MHNL
137,MKCL
138,MKHC
139,MKHL
140,MKJC
141,MLBBL
142,MLBL
143,MLBS
144,MLBSL
145,MMF1
146,MMKJL
147,MNBBL
148,MPFL
149,MSHL
150,MSLB
151,NABBC
152,NABIL
153,NABILD87
154,NADEP
155,NBF2
156,NBF3
157,NBL
158,NBLD85
159,NESDO
160,NFS
161,NGPL
162,NHDL
163,NHPC
164,NIBD2082
165,NIBD84
166,NIBLGF
167,NIBLSTF
168,NIBSF2
169,NICA
170,NICAD8283
171,NICBF
172,NICD83/84
173,NICD88
174,NICFC
175,NICGF
176,NICGF2
177,NICL
178,NICLBSL
179,NICSF
180,NIFRA
181,NIFRAP
182,NIL
183,NIMB
184,NIMBPO
185,NLG
186,NLIC
187,NLICL
188,NMB
189,NMB50
190,NMBMF
191,NMFBS
192,NMLBBL
193,NRIC
194,NRM
195,NRN
196,NSIF2
197,NTC
198,NUBL
199,NWCL
200,NYADI
201,OHL
202,PBD85
203,PBD88
204,PCBL
205,PCBLP
206,PFL
207,PHCL
208,PMHPL
209,PMLI
210,PPCL
211,PPL
212,PRIN
213,PROFL
214,PRSF
215,PRVU
216,PSF
217,RADHI
218,RAWA
219,RBCL
220,RBCLPO
221,RFPL
222,RHGCL
223,RHPL
224,RIDI
225,RLFL
226,RMF1
227,RMF2
228,RNLI
229,RSDC
230,RURU
231,SADBL
232,SAGF
233,SAHAS
234,SALICO
235,SAMAJ
236,SANIMA
237,SAPDBL
238,SARBTM
239,SBCF
240,SBI
241,SBID83
242,SBL
243,SBLD2082
244,SBLD84
245,SBLD89
246,SCB
247,SEF
248,SFCL
249,SFEF
250,SFMF
251,SGHC
252,SGIC
253,SHEL
254,SHINE
255,SHIVM
256,SHL
257,SHLB
258,SHPC
259,SICL
260,SIFC
261,SIGS2
262,SIGS3
263,SIKLES
264,SINDU
265,SJCL
266,SJLIC
267,SKBBL
268,SLBBL
269,SLBSL
270,SLCF
271,SMATA
272,SMB
273,SMFBS
274,SMH
275,SMHL
276,SMJC
277,SMPDA
278,SNLI
279,SONA
280,SPC
281,SPDL
282,SPHL
283,SPIL
284,SPL
285,SRBLD83
286,SRLI
287,SSHL
288,STC
289,SWBBL
290,SWMF
291,TAMOR
292,TPC
293,TRH
294,TSHL
295,TVCL
296,UAIL
297,UHEWA
298,ULBSL
299,ULHC
300,UMHL
301,UMRH
302,UNHPL
303,UNL
304,UNLB
305,UPCL
306,UPPER
307,USHEC
308,USHL
309,USLB
310,VLBS
311,VLUCL
312,WNLB